[{"model": "admin.logentry", "pk": 1, "fields": {"action_time": "2023-07-20T12:33:54.965Z", "user": 15, "content_type": 6, "object_id": "1", "object_repr": "Brovbo11D(None)", "action_flag": 3, "change_message": ""}}, {"model": "auth.permission", "pk": 1, "fields": {"name": "Can add log entry", "content_type": 1, "codename": "add_logentry"}}, {"model": "auth.permission", "pk": 2, "fields": {"name": "Can change log entry", "content_type": 1, "codename": "change_logentry"}}, {"model": "auth.permission", "pk": 3, "fields": {"name": "Can delete log entry", "content_type": 1, "codename": "delete_logentry"}}, {"model": "auth.permission", "pk": 4, "fields": {"name": "Can view log entry", "content_type": 1, "codename": "view_logentry"}}, {"model": "auth.permission", "pk": 5, "fields": {"name": "Can add permission", "content_type": 2, "codename": "add_permission"}}, {"model": "auth.permission", "pk": 6, "fields": {"name": "Can change permission", "content_type": 2, "codename": "change_permission"}}, {"model": "auth.permission", "pk": 7, "fields": {"name": "Can delete permission", "content_type": 2, "codename": "delete_permission"}}, {"model": "auth.permission", "pk": 8, "fields": {"name": "Can view permission", "content_type": 2, "codename": "view_permission"}}, {"model": "auth.permission", "pk": 9, "fields": {"name": "Can add group", "content_type": 3, "codename": "add_group"}}, {"model": "auth.permission", "pk": 10, "fields": {"name": "Can change group", "content_type": 3, "codename": "change_group"}}, {"model": "auth.permission", "pk": 11, "fields": {"name": "Can delete group", "content_type": 3, "codename": "delete_group"}}, {"model": "auth.permission", "pk": 12, "fields": {"name": "Can view group", "content_type": 3, "codename": "view_group"}}, {"model": "auth.permission", "pk": 13, "fields": {"name": "Can add content type", "content_type": 4, "codename": "add_contenttype"}}, {"model": "auth.permission", "pk": 14, "fields": {"name": "Can change content type", "content_type": 4, "codename": "change_contenttype"}}, {"model": "auth.permission", "pk": 15, "fields": {"name": "Can delete content type", "content_type": 4, "codename": "delete_contenttype"}}, {"model": "auth.permission", "pk": 16, "fields": {"name": "Can view content type", "content_type": 4, "codename": "view_contenttype"}}, {"model": "auth.permission", "pk": 17, "fields": {"name": "Can add session", "content_type": 5, "codename": "add_session"}}, {"model": "auth.permission", "pk": 18, "fields": {"name": "Can change session", "content_type": 5, "codename": "change_session"}}, {"model": "auth.permission", "pk": 19, "fields": {"name": "Can delete session", "content_type": 5, "codename": "delete_session"}}, {"model": "auth.permission", "pk": 20, "fields": {"name": "Can view session", "content_type": 5, "codename": "view_session"}}, {"model": "auth.permission", "pk": 21, "fields": {"name": "Can add worker", "content_type": 6, "codename": "add_worker"}}, {"model": "auth.permission", "pk": 22, "fields": {"name": "Can change worker", "content_type": 6, "codename": "change_worker"}}, {"model": "auth.permission", "pk": 23, "fields": {"name": "Can delete worker", "content_type": 6, "codename": "delete_worker"}}, {"model": "auth.permission", "pk": 24, "fields": {"name": "Can view worker", "content_type": 6, "codename": "view_worker"}}, {"model": "auth.permission", "pk": 25, "fields": {"name": "Can add position", "content_type": 7, "codename": "add_position"}}, {"model": "auth.permission", "pk": 26, "fields": {"name": "Can change position", "content_type": 7, "codename": "change_position"}}, {"model": "auth.permission", "pk": 27, "fields": {"name": "Can delete position", "content_type": 7, "codename": "delete_position"}}, {"model": "auth.permission", "pk": 28, "fields": {"name": "Can view position", "content_type": 7, "codename": "view_position"}}, {"model": "auth.permission", "pk": 29, "fields": {"name": "Can add task type", "content_type": 8, "codename": "add_tasktype"}}, {"model": "auth.permission", "pk": 30, "fields": {"name": "Can change task type", "content_type": 8, "codename": "change_tasktype"}}, {"model": "auth.permission", "pk": 31, "fields": {"name": "Can delete task type", "content_type": 8, "codename": "delete_tasktype"}}, {"model": "auth.permission", "pk": 32, "fields": {"name": "Can view task type", "content_type": 8, "codename": "view_tasktype"}}, {"model": "auth.permission", "pk": 33, "fields": {"name": "Can add task", "content_type": 9, "codename": "add_task"}}, {"model": "auth.permission", "pk": 34, "fields": {"name": "Can change task", "content_type": 9, "codename": "change_task"}}, {"model": "auth.permission", "pk": 35, "fields": {"name": "Can delete task", "content_type": 9, "codename": "delete_task"}}, {"model": "auth.permission", "pk": 36, "fields": {"name": "Can view task", "content_type": 9, "codename": "view_task"}}, {"model": "auth.permission", "pk": 37, "fields": {"name": "Can add project", "content_type": 10, "codename": "add_project"}}, {"model": "auth.permission", "pk": 38, "fields": {"name": "Can change project", "content_type": 10, "codename": "change_project"}}, {"model": "auth.permission", "pk": 39, "fields": {"name": "Can delete project", "content_type": 10, "codename": "delete_project"}}, {"model": "auth.permission", "pk": 40, "fields": {"name": "Can view project", "content_type": 10, "codename": "view_project"}}, {"model": "auth.permission", "pk": 41, "fields": {"name": "Can add team", "content_type": 11, "codename": "add_team"}}, {"model": "auth.permission", "pk": 42, "fields": {"name": "Can change team", "content_type": 11, "codename": "change_team"}}, {"model": "auth.permission", "pk": 43, "fields": {"name": "Can delete team", "content_type": 11, "codename": "delete_team"}}, {"model": "auth.permission", "pk": 44, "fields": {"name": "Can view team", "content_type": 11, "codename": "view_team"}}, {"model": "contenttypes.contenttype", "pk": 1, "fields": {"app_label": "admin", "model": "logentry"}}, {"model": "contenttypes.contenttype", "pk": 2, "fields": {"app_label": "auth", "model": "permission"}}, {"model": "contenttypes.contenttype", "pk": 3, "fields": {"app_label": "auth", "model": "group"}}, {"model": "contenttypes.contenttype", "pk": 4, "fields": {"app_label": "contenttypes", "model": "contenttype"}}, {"model": "contenttypes.contenttype", "pk": 5, "fields": {"app_label": "sessions", "model": "session"}}, {"model": "contenttypes.contenttype", "pk": 6, "fields": {"app_label": "task", "model": "worker"}}, {"model": "contenttypes.contenttype", "pk": 7, "fields": {"app_label": "task", "model": "position"}}, {"model": "contenttypes.contenttype", "pk": 8, "fields": {"app_label": "task", "model": "tasktype"}}, {"model": "contenttypes.contenttype", "pk": 9, "fields": {"app_label": "task", "model": "task"}}, {"model": "contenttypes.contenttype", "pk": 10, "fields": {"app_label": "task", "model": "project"}}, {"model": "contenttypes.contenttype", "pk": 11, "fields": {"app_label": "task", "model": "team"}}, {"model": "sessions.session", "pk": "ajoentgnrpynq57h6lbtblr3hwqbuzkm", "fields": {"session_data": ".eJxVjEEOwiAQRe_C2hAGWppx6d4zkJkBpGogKe3KeHdt0oVu_3vvv1SgbS1h62kJc1RnBaM6_Y5M8kh1J_FO9da0tLouM-td0Qft-tpiel4O9--gUC_f2npJZJGyJTQQXc7AmAcLMgqBJGaYPAoaZ9iIIDrJNFlv0A9OmNT7AyZEOK8:1qMoP3:7RHn3i94lReoghGfPrZH4g-yDoRyglMYUqbZibiK7T4", "expire_date": "2023-08-04T11:34:33.728Z"}}, {"model": "sessions.session", "pk": "ibwx9ykoze2w2orkq0vbwr0u84vfo21v", "fields": {"session_data": ".eJxVjEEOwiAQRe_C2hAolKEu3XsGMjCMVA0kpV0Z765NutDtf-_9lwi4rSVsPS9hJnEWGsTpd4yYHrnuhO5Yb02mVtdljnJX5EG7vDbKz8vh_h0U7OVbA_kxemLPJrEjcqizdipbYwGiYQI14IQwWuUGVgwUvWKLERj9lJR4fwAh3Dil:1qNwRP:SJfcvRsRaOEtUB5nLyuMxIGcrmkYRZsKvsRMPMhsBSA", "expire_date": "2023-08-07T14:21:39.897Z"}}, {"model": "task.position", "pk": 2, "fields": {"name": "Network architect"}}, {"model": "task.position", "pk": 3, "fields": {"name": "Systems analyst"}}, {"model": "task.position", "pk": 4, "fields": {"name": "IT coordinator"}}, {"model": "task.position", "pk": 5, "fields": {"name": "Network administrator"}}, {"model": "task.position", "pk": 6, "fields": {"name": "Network engineer"}}, {"model": "task.position", "pk": 7, "fields": {"name": "Service desk analyst"}}, {"model": "task.position", "pk": 8, "fields": {"name": "System administrator (also known as sysadmin)"}}, {"model": "task.position", "pk": 9, "fields": {"name": "Wireless network engineer"}}, {"model": "task.position", "pk": 10, "fields": {"name": "Database administrator"}}, {"model": "task.position", "pk": 11, "fields": {"name": "Database analyst"}}, {"model": "task.position", "pk": 12, "fields": {"name": "Data quality manager"}}, {"model": "task.position", "pk": 13, "fields": {"name": "Database report writer"}}, {"model": "task.position", "pk": 14, "fields": {"name": "SQL database administrator"}}, {"model": "task.position", "pk": 15, "fields": {"name": "DevOps engineer"}}, {"model": "task.position", "pk": 16, "fields": {"name": "Front-end developer"}}, {"model": "task.position", "pk": 17, "fields": {"name": "Full-stack developer"}}, {"model": "task.position", "pk": 18, "fields": {"name": "QA"}}, {"model": "task.position", "pk": 19, "fields": {"name": "UI (user interface) designer"}}, {"model": "task.position", "pk": 20, "fields": {"name": "UX (user experience) designer"}}, {"model": "task.position", "pk": 21, "fields": {"name": "Web developer"}}, {"model": "task.position", "pk": 22, "fields": {"name": "Product manager"}}, {"model": "task.position", "pk": 23, "fields": {"name": "Project manager"}}, {"model": "task.position", "pk": 24, "fields": {"name": "Program manager"}}, {"model": "task.position", "pk": 25, "fields": {"name": "Portfolio manager"}}, {"model": "task.tasktype", "pk": 1, "fields": {"name": "Create a task function"}}, {"model": "task.tasktype", "pk": 3, "fields": {"name": "Marketing Content"}}, {"model": "task.tasktype", "pk": 4, "fields": {"name": "Advertising"}}, {"model": "task.tasktype", "pk": 5, "fields": {"name": "Development"}}, {"model": "task.tasktype", "pk": 6, "fields": {"name": "Writing a simple task class"}}, {"model": "task.tasktype", "pk": 7, "fields": {"name": "Bug"}}, {"model": "task.tasktype", "pk": 8, "fields": {"name": "New feature"}}, {"model": "task.tasktype", "pk": 9, "fields": {"name": "QA"}}, {"model": "task.tasktype", "pk": 10, "fields": {"name": "Refactoring"}}, {"model": "task.tasktype", "pk": 11, "fields": {"name": "Breaking change"}}, {"model": "task.worker", "pk": 3, "fields": {"password": "pbkdf2_sha256$600000$hOvjEUdlzvRpEPsHCo5njI$ePkIgx+Msj5HWiqG1rSUOse4ixJy7xyf89+22pbznh4=", "last_login": null, "is_superuser": false, "username": "kristy_honey", "first_name": "Kristy", "last_name": "Honey", "email": "", "is_staff": false, "is_active": true, "date_joined": "2023-07-20T09:50:27.159Z", "position": 12, "groups": [], "user_permissions": []}}, {"model": "task.worker", "pk": 4, "fields": {"password": "pbkdf2_sha256$600000$d9dQ28CIQkLMaGpZ3p362G$ULplegge8BJC9DAvCB3jybY+E/rQhKFQlRoeuyxAxdA=", "last_login": null, "is_superuser": false, "username": "bubbly_snowflake", "first_name": "Bubbly", "last_name": "Snowflake", "email": "", "is_staff": false, "is_active": true, "date_joined": "2023-07-20T09:50:48.764Z", "position": 10, "groups": [], "user_permissions": []}}, {"model": "task.worker", "pk": 5, "fields": {"password": "pbkdf2_sha256$600000$fEgyVXPCtHjCxGddF0I5Sm$fpVA5iwW/Ix2fRTXV5LppDvbQeOP0vDhdlzvuuGrJIw=", "last_login": null, "is_superuser": false, "username": "angelic.princess.kristy", "first_name": "Angelic", "last_name": "Kristy", "email": "", "is_staff": false, "is_active": true, "date_joined": "2023-07-20T09:51:12.145Z", "position": 11, "groups": [], "user_permissions": []}}, {"model": "task.worker", "pk": 6, "fields": {"password": "pbkdf2_sha256$600000$i8Cr6naJpzUGuAfQ7jn0oT$uxgC/jIESNNGu3MvBATaiAjuYdJSEj+EKv5J71R6B0Y=", "last_login": null, "is_superuser": false, "username": "baby_kristy_butterfly", "first_name": "Kristy", "last_name": "Butterfly", "email": "", "is_staff": false, "is_active": true, "date_joined": "2023-07-20T09:51:41.062Z", "position": 13, "groups": [], "user_permissions": []}}, {"model": "task.worker", "pk": 7, "fields": {"password": "pbkdf2_sha256$600000$3NIciCeZJIKAMhZbVon7up$Kp6GrH9kGvE+iVFVwrsTm0g5etp+m7KQ23uQTpOK4x0=", "last_login": null, "is_superuser": false, "username": "TurboSlayer", "first_name": "Turbo", "last_name": "Slayer", "email": "", "is_staff": false, "is_active": true, "date_joined": "2023-07-20T09:52:10.835Z", "position": 6, "groups": [], "user_permissions": []}}, {"model": "task.worker", "pk": 8, "fields": {"password": "pbkdf2_sha256$600000$JEhtmDPYAPqJsrIfSoi4m8$xnetSpPLkOfrIKnWq6Y85Ud5pojpYxY7+Gr1J0sefi8=", "last_login": null, "is_superuser": false, "username": "CrypticHatter", "first_name": "Cryptic", "last_name": "Hatter", "email": "", "is_staff": false, "is_active": true, "date_joined": "2023-07-20T09:52:32.316Z", "position": 18, "groups": [], "user_permissions": []}}, {"model": "task.worker", "pk": 9, "fields": {"password": "pbkdf2_sha256$600000$1CNSBO01PcRCrv622p4JF3$QdVWmAFu9/ZORARMe0/6Xs1o0uPGUcPaD4mhoPt8ONk=", "last_login": null, "is_superuser": false, "username": "StealthedDefender", "first_name": "Stealthed", "last_name": "Defender", "email": "", "is_staff": false, "is_active": true, "date_joined": "2023-07-20T09:52:52.775Z", "position": 17, "groups": [], "user_permissions": []}}, {"model": "task.worker", "pk": 10, "fields": {"password": "pbkdf2_sha256$600000$18WqJzcGzdbJ8J1qqtim53$UwhHNRD98JRZJyPQkxHXbQB/4J4jKH2NowUkkd3fnbs=", "last_login": null, "is_superuser": false, "username": "Masked_Titan", "first_name": "Masked", "last_name": "Titan", "email": "", "is_staff": false, "is_active": true, "date_joined": "2023-07-20T09:53:16.804Z", "position": 23, "groups": [], "user_permissions": []}}, {"model": "task.worker", "pk": 12, "fields": {"password": "pbkdf2_sha256$600000$VbIsrqrwELYI0bLNm7TR3i$VqLt41DjCRm312FTamPaEaBtGUx3ybj4rPb6PQbtD6Q=", "last_login": null, "is_superuser": false, "username": "readingpro", "first_name": "Reading", "last_name": "Pro", "email": "", "is_staff": false, "is_active": true, "date_joined": "2023-07-20T09:54:18.509Z", "position": 9, "groups": [], "user_permissions": []}}, {"model": "task.worker", "pk": 13, "fields": {"password": "pbkdf2_sha256$600000$NCUdDo8VKytZYAh8WqESe6$PVPa1Ujew+x0wg01S0Ly1392oBJCMMBtpFecveM0PDU=", "last_login": "2023-07-20T12:31:21.015Z", "is_superuser": false, "username": "Bodyk", "first_name": "Bohdan", "last_name": "Brovdiy", "email": "", "is_staff": false, "is_active": true, "date_joined": "2023-07-20T09:55:00.405Z", "position": 18, "groups": [], "user_permissions": []}}, {"model": "task.worker", "pk": 14, "fields": {"password": "pbkdf2_sha256$600000$ALxfL8HJi84cSIrilf3MKZ$SlMTt6+V30Kj+XAolcS5rN3VpHb+l+CORERsWpNfH2w=", "last_login": "2023-07-20T09:55:52.208Z", "is_superuser": false, "username": "popularkiya", "first_name": "Popular", "last_name": "Kiya", "email": "", "is_staff": false, "is_active": true, "date_joined": "2023-07-20T09:55:43.159Z", "position": 3, "groups": [], "user_permissions": []}}, {"model": "task.worker", "pk": 15, "fields": {"password": "pbkdf2_sha256$600000$dy5VHpGJ7HwawUCJHViCsW$azrdg7/yWbkYvCIcikI8k1wOoIwkrDjifWcujed7z6M=", "last_login": "2023-07-24T14:20:09.612Z", "is_superuser": true, "username": "bohdan", "first_name": "", "last_name": "", "email": "bohdan@bohdan.com", "is_staff": true, "is_active": true, "date_joined": "2023-07-20T12:33:21.007Z", "position": null, "groups": [], "user_permissions": []}}, {"model": "task.worker", "pk": 16, "fields": {"password": "pbkdf2_sha256$600000$mRiRu8ygW1oAVUGfzdh2gH$NYlY2X+wt/QP2i0FkrqlEGxv/L6hqWB6xnmTBw2wmKs=", "last_login": "2023-07-21T20:46:42.589Z", "is_superuser": false, "username": "Sofia_Igora", "first_name": "Sofia", "last_name": "Zapotochnuy", "email": "", "is_staff": false, "is_active": true, "date_joined": "2023-07-21T20:41:09.755Z", "position": 18, "groups": [], "user_permissions": []}}, {"model": "task.worker", "pk": 17, "fields": {"password": "pbkdf2_sha256$600000$X8UAz7YkP3swnSMAtUyNSH$TIYPhLOm+hT6280mZvEqMGuU6ZnsI03m0JRwo+aWHgQ=", "last_login": "2023-07-24T14:21:39.889Z", "is_superuser": true, "username": "Bohdan", "first_name": "", "last_name": "", "email": "Bohdan@bohdan.com", "is_staff": true, "is_active": true, "date_joined": "2023-07-24T14:21:08.428Z", "position": null, "groups": [], "user_permissions": []}}, {"model": "task.task", "pk": 4, "fields": {"name": "sdvasv", "description": "asvasvdas", "deadline": "2023-07-21T17:55:00Z", "is_completed": true, "priority": "Urgent", "task_type": 3, "assignees": [13, 8, 10]}}, {"model": "task.task", "pk": 5, "fields": {"name": "sdvasv", "description": "asvasvdas", "deadline": "2023-07-21T17:55:00Z", "is_completed": true, "priority": "Urgent", "task_type": 3, "assignees": [13, 8, 10]}}, {"model": "task.team", "pk": 17, "fields": {"name": "ascacsa", "participants": [13]}}, {"model": "task.project", "pk": 17, "fields": {"name": "DevOps", "description": "ascacs", "status": "Work", "team": [17]}}]